{
  "resourceType" : "Patient",
  "id" : "ImmunisationPatientExample",
  "meta" : {
    "profile" : ["http://openhie.org/fhir/zambia-training/StructureDefinition/immunisation-patient"]
  },
  "text" : {
    "status" : "generated",
    "div" : "<div xmlns=\"http://www.w3.org/1999/xhtml\"><p style=\"border: 1px #661aff solid; background-color: #e6e6ff; padding: 10px;\"><b>Anonymous Patient</b> male, DoB:  ( <code>http://openhie.org/fhir/zambia-training/identifier/patient-nupn</code>/1234-12345-12345-5)</p><hr/><table class=\"grid\"><tr><td style=\"background-color: #f3f5da\" title=\"Other Ids (see the one above)\">Other Id:</td><td colspan=\"3\"><code>http://openhie.org/fhir/zambia-training/identifier/patient-nrc</code>/123456/23/1</td></tr><tr><td style=\"background-color: #f3f5da\" title=\"Patient contact\">Contact</td><td colspan=\"3\"><ul><li>Firstname Middlename Surname </li></ul></td></tr><tr><td style=\"background-color: #f3f5da\" title=\"Codeable concept for patient born in zambia\"><a href=\"StructureDefinition-patient-born-in-zambia.html\">Patient Born In Zambia:</a></td><td colspan=\"3\"><ul><li>true</li></ul></td></tr></table></div>"
  },
  "extension" : [{
    "url" : "http://openhie.org/fhir/zambia-training/StructureDefinition/patient-born-in-zambia",
    "valueBoolean" : true
  }],
  "identifier" : [{
    "system" : "http://openhie.org/fhir/zambia-training/identifier/patient-nupn",
    "value" : "1234-12345-12345-5"
  },
  {
    "system" : "http://openhie.org/fhir/zambia-training/identifier/patient-nrc",
    "value" : "123456/23/1"
  }],
  "gender" : "male",
  "_birthDate" : {
    "extension" : [{
      "url" : "http://hl7.org/fhir/StructureDefinition/patient-birthTime",
      "valueDateTime" : "1983-05-22T16:40:17+02:00"
    }]
  },
  "contact" : [{
    "name" : {
      "family" : "Surname",
      "given" : ["Firstname",
      "Middlename"]
    }
  }]
}